gameid,gamename,nratings,gamerank
13,Catan,85291,327
822,Carcassonne,85003,152
30549,Pandemic,83442,75
68448,7 Wonders,69094,45
36218,Dominion,68260,76
9209,Ticket to Ride,60532,142
31260,Agricola,57042,25
3076,Puerto Rico,56519,21
40692,Small World,53602,209
178900,Codenames,51169,60
2651,Power Grid,49995,36
70323,King of Tokyo,48583,261
14996,Ticket to Ride: Europe,47520,102
129622,Love Letter,47000,243
148228,Splendor,45209,131
478,Citadels,43766,355
39856,Dixit,41526,221
173346,7 Wonders Duel,40920,16
28143,Race for the Galaxy,40661,49
169786,Scythe,39899,8
167791,Terraforming Mars,39275,4
110327,Lords of Waterdeep,38676,54
34635,Stone Age,38294,86
84876,The Castles of Burgundy,36875,13
1927,Munchkin,36017,3742
65244,Forbidden Island,35387,639
12333,Twilight Struggle,34520,5
15987,Arkham Horror,34296,271
11,Bohnanza,33808,398
163412,Patchwork,33685,64
150376,Dead of Winter: A Crossroads Game,32892,78
120677,Terra Mystica,32698,11
98778,Hanabi,32105,315
50,Lost Cities,31962,310
41114,The Resistance,31833,207
161936,Pandemic Legacy: Season 1,31295,2
10547,Betrayal at House on the Hill,30486,460
37111,Battlestar Galactica: The Board Game,29867,66
131357,Coup,29276,437
147020,Star Realms,28496,91
230802,Azul,28437,38
54043,Jaipur,28116,116
70919,Takenoko,28048,238
463,Magic: The Gathering,27960,149
40834,Dominion: Intrigue,27120,62
121921,Robinson Crusoe: Adventures on the Cursed Island,26937,41
133473,Sushi Go!,26728,385
181,Risk,26243,16418
157354,Five Tribes,25802,57
170216,Blood Rage,25719,30
31481,Galaxy Trucker,25638,151
6249,Alhambra,25255,432
174430,Gloomhaven,25233,1
2655,Hive,25018,214
18602,Caylus,24693,50
126163,Tzolk'in: The Mayan Calendar,24554,37
124742,Android: Netrunner,24347,44
171,Chess,24339,431
103343,A Game of Thrones: The Board Game (Second Edition),24129,97
39463,Cosmic Encounter,24052,118
72125,Eclipse,24002,39
157969,Sheriff of Nottingham,23858,288
102794,Caverna: The Cave Farmers,23753,23
146021,Eldritch Horror,23734,58
1406,Monopoly,23596,17160
96848,Mage Knight Board Game,23589,24
15062,Shadows over Camelot,23532,351
181304,Mysterium,23454,191
3955,BANG!,23341,1135
42,Tigris & Euphrates,23149,72
35677,Le Havre,23126,40
320,Scrabble,23046,1628
10630,Memoir '44,22730,121
128882,The Resistance: Avalon,22628,99
132531,Roll for the Galaxy,21491,67
93,El Grande,21268,59
9220,Saboteur,21242,936
18,RoboRally,21233,372
143884,Machi Koro,21209,849
136063,Forbidden Desert,21057,302
103885,Star Wars: X-Wing Miniatures Game,20786,74
8217,San Juan,20763,249
122522,Smash Up,20609,706
124361,Concordia,20028,18
148949,Istanbul,20026,95
204583,Kingdomino,20012,198
16992,Tsuro,19985,847
2453,Blokus,19972,571
172,For Sale,19810,276
50381,Cards Against Humanity,19466,2966
100423,Elder Sign,19449,495
193738,Great Western Trail,19415,10
104162,Descent: Journeys in the Dark (Second Edition),19407,83
146508,T.I.M.E Stories,19064,70
123260,Suburbia,19010,106
158899,Colt Express,18989,335
155426,Castles of Mad King Ludwig,18878,94
153938,Camel Up,18787,416
77423,The Lord of the Rings: The Card Game,18180,111
100901,Flash Point: Fire Rescue,18079,283
,,,
183394,Viticulture Essential Edition,17782,19
116,Guillotine,17774,1068
194655,Santorini,17671,100
205637,Arkham Horror: The Card Game,17662,20
108745,Seasons,17606,176
8203,"Hey, That's My Fish!",17604,737
12942,No Thanks!,17603,413
154203,Imperial Settlers,17526,155
12,Ra,17502,147
104006,Village,17441,124
37046,Ghost Stories,17431,219
2653,Survive: Escape from Atlantis!,17332,254
201808,Clank!: A Deck-Building Adventure,17319,61
12493,Twilight Imperium (Third Edition),17233,56
27162,Kingsburg,17223,296
129437,Legendary: A Marvel Deck Building Game,17045,139
147949,One Night Ultimate Werewolf,17016,328
5,Acquire,16996,223
2223,UNO,16899,17063
25613,Through the Ages: A Story of Civilization,16891,35
107529,Kingdom Builder,16735,491
21790,Thurn and Taxis,16721,375
205059,Mansions of Madness: Second Edition,16719,27
187645,Star Wars: Rebellion,16708,6
164153,Star Wars: Imperial Assault,16658,34
74,Apples to Apples,16334,3755
123540,Tokaido,16159,474
54,Tikal,16156,222
164928,Orléans,15990,26
122515,Keyflower,15979,46
5782,Coloretto,15974,505
143741,BANG! The Dice Game,15935,503
182028,Through the Ages: A New Story of Civilization,15821,3
62219,Dominant Species,15749,51
176494,Isle of Skye: From Chieftain to King,15705,167
432,6 nimmt!,15518,613
171623,The Voyages of Marco Polo,15515,42
54998,Cyclades,15420,150
166384,Spyfall,15321,489
73439,Troyes,15160,69
,,,
28720,Brass: Lancashire,15098,22
37904,Formula D,15080,463
1294,Clue,15075,8101
24480,The Pillars of the Earth,15033,255
199561,Sagrada,14897,125
15512,Diamant,14717,652
161970,Alchemists,14710,88
,,,
62871,Zombie Dice,14429,1844
9674,Ingenious,14405,363
258,Fluxx,14347,7383
124708,Mice and Mystics,14342,250
,,,
118,Modern Art,14292,215
113924,Zombicide,14238,390
,,,
760,Battle Line,14118,197
555,The Princes of Florence,14057,138
113294,Escape: The Curse of the Temple,14030,462
28023,Jamaica,13915,443
172225,Exploding Kittens,13908,3589
192291,Sushi Go Party!,13804,160
2471,Zombies!!!,13647,5121
38453,Space Alert,13644,178
21763,Mr. Jack,13623,456
2511,Sherlock Holmes Consulting Detective: The Thames Murders & Other Cases,13562,68
25669,Qwirkle,13503,708
3,Samurai,13502,188
92828,Dixit: Odyssey,13447,184
9217,Saint Petersburg,13446,260
102652,Sentinels of the Multiverse,13320,313
77130,Sid Meier's Civilization: The Board Game,13274,203
,,,
43570,Friday,13254,340
188,Go,13234,137
127023,Kemet,13228,80
43111,Chaos in the Old World,13227,103
,,,
48726,Alien Frontiers,13156,185
823,Lord of the Rings,13140,771
29368,Last Night on Earth: The Zombie Game,13052,609
34219,Biblios,13014,321
63888,Innovation,12988,304
27588,Zooloretto,12967,660
198773,Codenames: Pictures,12705,253
43443,Castle Panic,12701,882
209685,Century: Spice Road,12688,225
102680,Trajan,12608,73
91536,Quarriors!,12500,748
438,Scotland Yard,12395,1153
144733,Russian Railroads,12188,71
278,Catan Card Game,12138,827
,,,
147151,Concept,12104,638
19857,Glory to Rome,12102,163
1917,Stratego,12085,2400
215,Tichu,12057,133
45315,Dungeon Lords,12034,206
171131,Captain Sonar,12021,113
160499,King of New York,11996,504
12692,Gloom,11985,1558
,,,
21241,Neuroshima Hex! 3.0,11968,230
20100,Wits & Wagers,11949,562
83330,Mansions of Madness,11948,300
20551,Shogun,11937,148
59959,Letters from Whitechapel,11814,211
503,Through the Desert,11804,447
163967,Tiny Epic Galaxies,11721,241
127398,Legends of Andor,11646,333
27627,Talisman (Revised 4th Edition),11537,1315
25292,Merchants & Marauders,11531,217
188834,Secret Hitler,11460,181
131835,Boss Monster: The Dungeon Building Card Game,11385,1727
177736,A Feast for Odin,11296,28
25554,Notre Dame,11281,240
156129,Deception: Murder in Hong Kong,11264,165
162886,Spirit Island,11250,15
71721,Space Hulk: Death Angel – The Card Game,11234,567
133038,Pathfinder Adventure Card Game: Rise of the Runelords – Base Set,11227,332
209010,Mechs vs. Minions,11196,32
45,Liar's Dice,11177,611
483,Diplomacy,11172,549
125618,Libertalia,11077,344
140620,Lewis & Clark,11054,159
119890,Agricola: All Creatures Big and Small,11028,212
97207,Dungeon Petz,11002,164
17226,Descent: Journeys in the Dark,10906,306
37380,Roll Through the Ages: The Bronze Age,10882,625
41,Can't Stop,10847,676
155703,Evolution,10828,369
205896,Rising Sun,10741,55
66188,Fresco,10607,274
34119,Tales of the Arabian Nights,10551,361
69789,Ascension: Deckbuilding Game,10527,551
9216,Goa,10481,128
811,Rummikub,10443,1601
17133,Railways of the World,10439,104
155362,Ca$h 'n Guns (Second Edition),10422,577
209778,Magic Maze,10359,367
2397,Backgammon,10301,1188
4390,Carcassonne: Hunters and Gatherers,10286,434
218603,Photosynthesis,10257,339
160477,Onitama,10173,205
43015,Hansa Teutonica,10143,122
172818,Above and Below,10137,192
126042,Nations,10064,110
46213,Telestrations,9981,231
161417,Red7,9929,591
171668,The Grizzled,9922,319
31627,Ticket to Ride: Nordic Countries,9896,130
92415,Skull,9871,397
2243,Yahtzee,9863,17046
115746,War of the Ring (Second Edition),9853,12
,,,
6472,A Game of Thrones (First Edition),9807,364
8098,Jungle Speed,9804,1190
175914,Food Chain Magnate,9777,29
31594,In the Year of the Dragon,9762,244
93260,Summoner Wars: Master Set,9749,173
699,HeroQuest,9706,565
176189,Zombicide: Black Plague,9656,135
98,Axis & Allies,9650,1283
53953,Thunderstone,9641,594
42215,Tobago,9528,430
156009,Port Royal,9517,421
22545,Age of Empires III: The Age of Discovery,9497,166
9609,War of the Ring (First Edition),9478,90
1198,SET,9475,1307
521,Crokinole,9456,79
2452,Jenga,9447,11108
150312,Welcome to the Dungeon,9433,915
90137,Blood Bowl: Team Manager – The Card Game,9430,266
220308,Gaia Project,9426,7
19237,Ca$h 'n Gun$,9382,994
63268,Spot it!,9335,959
,,,
146652,Legendary Encounters: An Alien Deck Building Game,9250,92
,,,
,,,
138161,Firefly: The Game,9118,295
216132,Clans of Caledonia,9071,43
118048,Targi,9062,141
180263,The 7th Continent,9050,17
,,,
1111,Taboo,8976,1749
27833,Steam,8926,134
25417,BattleLore,8925,287
244992,The Mind,8909,539
172287,Champions of Midgard,8904,93
136888,Bruges,8886,218
70149,Ora et Labora,8876,105
180974,Potion Explosion,8870,407
2921,The Game of Life,8844,17162
194594,Dice Forge,8818,312
170042,Raiders of the North Sea,8772,85
176396,Quadropolis,8723,284
20963,Fury of Dracula (Second Edition),8699,449
1219,Labyrinth,8692,1495
150,PitchCar,8690,343
33160,Endeavor,8689,235
97786,Small World Underground,8671,330
172386,Mombasa,8629,65
68425,Eminent Domain,8627,472
30869,Thebes,8558,429
,,,
25821,The Werewolves of Miller's Hollow,8538,846
191862,Imhotep,8513,366
155821,Inis,8498,108
182874,Grand Austria Hotel,8433,101
39683,At the Gates of Loyang,8385,262
128621,Viticulture,8365,140
63628,The Manhattan Project,8332,248
181279,Fury of Dracula (third/fourth edition),8325,190
21348,Ticket to Ride: Märklin,8318,264
91312,Discworld: Ankh-Morpork,8314,425
15363,Nexus Ops,8148,379
97842,Last Will,8125,371
198994,Hero Realms,8098,171
1115,Poker,8075,943
127060,Bora Bora,8068,169
5404,Amun-Re,8062,299
66362,Glen More,8052,282
197376,Charterstone,8046,158
224037,Codenames: Duet,8036,115
13823,Fairy Tale,8005,834
139030,Mascarade,7997,989
88,Torres,7975,444
27746,Colosseum,7966,383
27708,1960: The Making of the President,7963,168
150658,Pandemic: The Cure,7928,298
168435,Between Two Cities,7925,519
,,,
143693,Glass Road,7873,224
24181,Imperial,7854,161
59946,Dungeons & Dragons: Castle Ravenloft Board Game,7822,672
15818,Pickomino,7811,1156
133848,Euphoria: Build a Better Dystopia,7807,346
155068,Arcadia Quest,7806,109
73761,K2,7797,493
160851,Lanterns: The Harvest Festival,7772,634
155987,Abyss,7717,347
891,Cranium,7714,6851
12002,Jambo,7694,554
2987,Pirate's Cove,7625,1134
237182,Root,7612,53
327,Loopin' Louie,7565,765
117959,Las Vegas,7538,478
,,,
30380,Cuba,7518,446
27173,Vikings,7515,350
140,Pit,7487,1482
173,Formula Dé,7464,636
21523,Runebound (Second Edition),7460,766
112,Condottiere,7459,828
22345,Yspahan,7459,490
11170,Heroscape Master Set: Rise of the Valkyrie,7445,293
140934,Arboretum,7439,269
14105,Commands & Colors: Ancients,7438,107
266192,Wingspan,7424,47
4098,Age of Steam,7412,129
10,Elfenland,7409,873
36946,Red November,7389,1613
141572,Paperback,7361,359
24068,Shadow Hunters,7359,802
1234,Once Upon a Time: The Storytelling Card Game,7351,1417
13308,Niagara,7340,1216
915,Mystery of the Abbey,7326,1178
394,Kahuna,7304,980
2842,TransAmerica,7294,971
221107,Pandemic Legacy: Season 2,7283,31
66589,Navegador,7276,187
59294,Runewars,7262,175
2381,Scattergories,7255,2231
163968,Elysium,7251,352
51,Ricochet Robots,7243,620
185343,Anachrony,7212,48
176920,Mission: Red Planet (Second Edition),7195,216
21882,Blue Moon City,7188,553
2425,Battleship,7147,17150
826,Cartagena,7118,930
40398,Monopoly Deal Card Game,7108,1926
169426,Roll Player,7106,220
2398,Cribbage,7105,590
,,,
24508,Taluva,7030,442
47,Chinatown,7020,374
121408,Trains,7012,412
7717,Carcassonne: The Castle,6993,545
131260,Qwixx,6976,699
199042,Harry Potter: Hogwarts Battle,6938,275
7805,Fearsome Floors,6933,987
2952,Trivial Pursuit: Genus Edition,6908,17099
27225,Bananagrams,6894,1638
79828,A Few Acres of Snow,6884,277
137297,Rise of Augustus,6880,850
199478,Flamme Rouge,6861,213
125153,The Gallerist,6859,63
163602,XCOM: The Board Game,6858,563
1465,Wizard,6836,707
31730,Chicago Express,6826,391
138788,Dungeon Roll,6826,2206
101721,Mage Wars Arena,6823,186
233078,Twilight Imperium (Fourth Edition),6823,9
219513,Bärenpark,6808,305
13004,The Downfall of Pompeii,6794,481
146886,La Granja,6763,132
105134,Risk Legacy,6750,272
169654,Deep Sea Adventure,6736,555
105,Colossal Arena,6722,841
71,Civilization,6718,251
16986,Ubongo,6713,917
183251,Karuba,6703,409
206718,Ethnos,6698,226
22827,StarCraft: The Board Game,6686,376
97903,Terror in Meeple City,6668,705
475,Taj Mahal,6666,354
183840,Oh My Goods!,6646,619
131366,Eight-Minute Empire,6637,1069
46,Medici,6607,475
590,Mille Bornes,6582,6842
72287,Mr. Jack Pocket,6573,675
194607,Mystic Vale,6545,378
85256,Timeline: Inventions,6517,935
105551,Archipelago,6476,316
220,High Society,6455,674
55670,Macao,6454,270
171499,Cacao,6437,518
91514,Rhino Hero,6398,665
7854,YINSH,6396,156
173090,The Game,6396,931
54625,Space Hulk (third edition),6382,257
90419,Airlines Europe,6355,338
39938,Carson City,6341,381
1829,Risk 2210 A.D.,6316,1140
36932,Claustrophobia,6306,237
144344,Rococo,6304,204
40628,Finca,6296,570
1258,Phase 10,6261,17121
169124,Flick 'em Up!,6261,610
3201,Lord of the Rings: The Confrontation,6230,450
172308,Broom Service,6226,433
221194,Dinosaur Island,6208,114
929,The Great Dalmuti,6195,1240
172081,Burgle Bros.,6193,199
128671,Spartacus: A Game of Blood & Treachery,6191,309
,,,
8051,Attika,6168,635
24310,The Red Dragon Inn,6166,1287
162082,Deus,6165,331
1293,Boggle,6162,2097
148951,Tiny Epic Kingdoms,6152,1097
198928,Pandemic: Iberia,6151,81
110277,Among the Stars,6145,488
2083,Checkers,6136,17138
40793,Dice Town,6132,776
11971,Cockroach Poker,6127,1094
2389,Othello,6112,2562
2281,Pictionary,6107,4197
175117,Celestia,6099,623
158600,Hanamikoji,6087,233
,,,
,,,
175155,Forbidden Stars,6069,84
122298,Morels,6040,640
236457,Architects of the West Kingdom,6030,96
96913,Lancaster,6026,278
257,Kill Doctor Lucky,6024,2235
22141,Cleopatra and the Society of Architects,6005,842
233867,Welcome To...,5986,183
65781,London (first edition),5978,308
156336,Onirim (second edition),5978,522
17329,Animal Upon Animal,5977,793
196340,Yokohama,5976,89
134726,Smash Up: Awesome Level 9000,5969,426
,,,
,,,
192153,Pandemic: Reign of Cthulhu,5917,325
203420,Exit: The Game – The Abandoned Cabin,5908,180
2375,Sequence,5902,3188
55690,Kingdom Death: Monster,5891,33
172242,Exploding Kittens: NSFW Deck,5849,2498
15364,Vegas Showdown,5834,464
,,,
159675,Fields of Arle,5789,52
58281,Summoner Wars,5780,420
193037,Dead of Winter: The Long Night,5754,182
244522,That's Pretty Clever,5754,195
372,Schotten Totten,5739,377
224517,Brass: Birmingham,5727,14
2093,Mahjong,5726,671
1345,Genoa,5725,579
257501,KeyForge: Call of the Archons,5714,234
176229,Tides of Time,5708,946
143519,Quantum,5688,403
39953,A Game of Thrones: The Card Game,5686,808
29387,Zombie Fluxx,5680,3015
2719,Connect Four,5661,17137
177639,Raptor,5653,322
20437,Lords of Vegas,5647,373
203993,Lorenzo il Magnifico,5641,112
194879,Not Alone,5601,614
10093,Axis & Allies,5590,1172
44163,Power Grid: Factory Manager,5580,770
50750,Belfort,5572,415
38054,Snow Tails,5570,653
177524,ICECOOL,5547,796
526,Abalone,5544,1499
12995,Dungeon Twister,5532,851
159508,AquaSphere,5526,393
82222,Xia: Legends of a Drift System,5512,144
,,,
30539,Get Bit!,5471,2067
171273,FUSE,5467,585
83195,Ghost Blitz,5466,963
770,Loot,5463,1759
47185,Warhammer: Invasion,5452,509
,,,
140933,Blueprints,5400,792
5716,Balloon Cup,5395,1001
204027,Cottage Garden,5350,686
624,Quoridor,5348,1082
,,,
217372,The Quest for El Dorado,5336,258
49,Mamma Mia!,5335,1390
,,,
137269,Spyrium,5322,556
,,,
125678,DC Comics Deck-Building Game,5314,719
66356,Dungeons & Dragons: Wrath of Ashardalon Board Game,5297,607
,,,
42452,Rattus,5291,855
9446,Blue Moon,5281,984
191189,Aeon's End,5258,87
148575,Marvel Dice Masters: Avengers vs. X-Men,5255,502
,,,
559,Metro,5237,1589
3699,Killer Bunnies and the Quest for the Magic Carrot,5209,16931
155695,Age of War,5202,1571
13642,Louis XIV,5191,600
2392,Mastermind,5188,15721
18833,Lord of the Rings: The Confrontation,5182,290
146278,Tash-Kalar: Arena of Legends,5181,497
2448,Kalah,5176,3601
220877,Rajas of the Ganges,5169,193
,,,
179275,One Deck Dungeon,5154,543
143986,CV,5153,1022
33604,Say Anything,5138,914
200147,Kanagawa,5127,564
2394,Dominoes,5114,16788
188920,This War of Mine: The Board Game,5107,145
121,Dune,5105,247
102548,Dungeon Fighter,5104,862
39351,Automobile,5103,370
233371,Clank! In! Space!,5100,123
15817,Manila,5072,683
34585,Keltis,5062,1494
54138,Imperial 2030,5058,189
,,,
56692,Parade,5051,718
242,Junta,5048,1081
815,Chrononauts,5034,2148
121410,Steam Park,5033,749
,,,
,,,
71836,Onirim,5023,1029
2407,Sorry!,5010,17154
65532,Defenders of the Realm,5001,435
17223,World of Warcraft: The Boardgame,4989,1256
712,Blood Bowl (Third Edition),4967,297
91872,Dungeons & Dragons: The Legend of Drizzt Board Game,4952,521
244521,The Quacks of Quedlinburg,4952,245
103886,Star Wars: The Card Game,4917,526
225694,Decrypto,4913,157
554,La Città,4907,644
137408,Amerigo,4899,303
232043,Queendomino,4897,405
127024,Room 25,4894,933
21050,Combat Commander: Europe,4889,120
10640,Doom: The Boardgame,4883,910
124172,Tsuro of the Seas,4877,1278
229853,Teotihuacan: City of Gods,4867,98
146439,BattleLore (Second Edition),4863,174
195421,Near and Far,4863,119
155624,Specter Ops,4859,452
1269,Skip-Bo,4858,16968
66056,Rivals for Catan,4858,709
,,,
681,Quarto,4830,869
192457,Cry Havoc,4828,451
58421,Egizia,4811,318
,,,
12962,Reef Encounter,4801,560
714,Talisman,4791,1948
1,Die Macher,4789,228
8989,Hansa,4787,791
200680,Agricola (Revised Edition),4786,82
163068,Trickerion: Legends of Illusion,4777,153
904,Dream Factory,4776,633
239188,Chronicles of Crime,4760,127
162007,Steampunk Rally,4758,470
163,Balderdash,4741,1612
1897,Starfarers of Catan,4732,929
180593,The Bloody Inn,4730,735
40765,Clash of Cultures,4724,242
112686,Epic Spell Wars of the Battle Wizards: Duel at Mt. Skullzfyre,4722,1421
9440,Maharaja: The Game of Palace Building in India,4709,575
120,Hoity Toity,4699,1340
4636,Clans,4659,1265
27364,Caylus Magna Carta,4655,751
1382,Winner's Circle,4644,720
191977,The Castles of Burgundy: The Card Game,4644,622
8125,Santiago,4623,595
221,Ikusa,4619,752
28,Illuminati (Second Edition),4614,1488
2593,Pass the Pigs,4613,17029
33154,Wasabi!,4604,1322
,,,
16395,Blokus Duo,4593,858
234,Hannibal: Rome vs. Carthage,4579,172
174660,New York 1901,4563,830
25071,Munchkin Cthulhu,4555,2314
28259,Cutthroat Caverns,4550,1299
,,,
1353,Time's Up!,4536,440
,,,
201921,Tiny Epic Quest,4523,598
9203,Wings of War: Famous Aces,4517,878
113997,Tajemnicze Domostwo,4516,487
,,,
157526,Viceroy,4516,824
126792,Myrmes,4512,455
171233,The Big Book of Madness,4500,710
32125,Felicity: The Cat in the Sack,4499,1218
,,,
66505,The Speicherstadt,4476,658
170416,Vast: The Crystal Caverns,4474,507
,,,
168584,Love Letter: Batman,4462,479
,,,
19600,Antike,4460,641
119,Kingdoms,4440,1158
,,,
43868,The Adventurers: The Temple of Chac,4430,1221
124,Primordial Soup,4411,761
128271,Ginkgopolis,4410,349
167400,Ashes: Rise of the Phoenixborn,4408,453
27710,Catan Dice Game,4406,5819
202408,Adrenaline,4397,593
102104,Star Fluxx,4393,1847
36345,Monty Python Fluxx,4386,2805
116998,Thunderstone Advance: Towers of Ruin,4385,387
,,,
136991,Loony Quest,4369,703
166669,San Juan (Second Edition),4361,281
2955,Mexica,4352,552
199,Manhattan,4349,1036
182134,Evolution: Climate,4348,227
181521,Warhammer Quest: The Adventure Card Game,4331,418
221965,The Fox in the Forest,4324,410
245638,Coimbra,4318,201
42776,Gears of War: The Board Game,4317,394
234487,Altiplano,4315,292
104710,Wiz-War (eighth edition),4311,673
152162,Diamonds,4302,731
4095,Star Munchkin,4294,2756
1159,Evo,4289,860
16496,Roma,4282,962
156566,Lords of Xidit,4275,574
157403,Black Fleet,4267,691
154246,La Isla,4259,807
109276,Kanban: Driver's Edition,4250,177
182631,Star Realms: Colony Wars,4248,154
30957,Tribune: Primus Inter Pares,4228,530
43528,World Without End,4220,499
35815,A Touch of Evil: The Supernatural Game,4203,835
161614,Stockpile,4201,311
224,History of the World,4196,669
553,Chez Geek,4191,6288
18100,China,4176,704
161533,Lisboa,4169,77
494,Ave Caesar,4157,1196
184921,Bunny Kingdom,4140,419
42052,Vinhos,4129,345
145659,Scoville,4117,581
925,Werewolf,4110,1361
5737,Domaine,4102,729
,,,
132,Caesar & Cleopatra,4090,1598
2338,Starship Catan,4084,899
94,Union Pacific,4080,544
,,,
,,,
121297,Fleet,4074,779
41002,Vasco da Gama,4071,501
91,Paths of Glory,4069,117
26990,Container,4062,617
2346,DVONN,4060,388
157809,Nations: The Dice Game,4058,750
1041,San Marco,4051,584
213893,Yamataï,4045,534
,,,
12902,Carcassonne: The City,4024,572
,,,
217449,NMBR 9,4016,774
,,,
421,1830: Railways & Robber Barons,3991,170
361,Hare & Tortoise,3984,1210
94362,Rune Age,3980,985
155969,Harbour,3980,1351
194880,Dream Home,3978,825
4324,Risk: The Lord of the Rings,3977,3829
195539,The Godfather: Corleone's Empire,3961,307
18258,Mission: Red Planet,3958,798
41916,The Magic Labyrinth,3958,913
140603,Francis Drake,3958,380
163166,One Night Ultimate Werewolf Daybreak,3952,424
,,,
144592,Bruxelles 1893,3949,268
,,,
25643,Arkadia,3935,829
70512,Luna,3934,441
,,,
203427,Fabled Fruit,3933,657
203417,Exit: The Game – The Secret Lab,3927,546
,,,
19100,Hacienda,3908,803
207830,5-Minute Dungeon,3907,655
142326,Eight-Minute Empire: Legends,3893,745
,,,
,,,
72321,The Networks,3886,541
34887,Revolution!,3871,1101
121288,Dixit: Journey,3866,428
240,Britannia,3859,612
163745,Star Wars: Armada,3854,210
104363,Rex: Final Days of an Empire,3852,667
25568,Metropolys,3849,702
215311,Downforce,3847,422
60,Vinci,3840,678
106217,Hawaii,3840,606
119432,Snowdonia,3833,395
227789,Heaven & Ale,3828,291
143515,Coal Baron,3825,512
104347,Santiago de Cuba,3824,844
179572,Dice City,3804,953
62227,"Labyrinth: The War on Terror, 2001 – ?",3799,323
2596,Villa Paletti,3797,1523
181810,Kodama: The Tree Spirits,3793,998
199792,Everdell,3789,179
205398,Citadels,3788,500
171669,Discoveries: The Journals of Lewis and Clark,3770,642
228341,Pulsar 2849,3764,232
15,Cosmic Encounter,3763,895
21441,Mykerinos,3760,885
103,Titan,3759,874
200077,Mint Works,3759,661
203416,Exit: The Game – The Pharaoh's Tomb,3759,480
119788,Hyperborea,3753,576
158900,Samurai Spirit,3753,1105
170,Family Business,3752,2679
878,Wyatt Earp,3743,926
,,,
206941,First Class: All Aboard the Orient Express!,3740,341
,,,
31563,Middle-Earth Quest,3735,486
24742,Cold War: CIA vs KGB,3732,1220
34127,Ticket to Ride: The Card Game,3730,2302
2136,Pachisi,3724,17151
4143,Guess Who?,3721,17139
21632,To Court the King,3717,1525
98351,Core Worlds,3714,597
,,,
1513,The Republic of Rome,3706,384
137988,Zombicide Season 2: Prison Outbreak,3705,484
88408,Nightfall,3684,1469
22038,Warrior Knights,3682,951
176734,The Manhattan Project: Energy Empire,3679,208
6411,Blokus 3D,3673,982
37628,Haggis,3671,768
205359,Star Wars: Destiny,3670,334
1231,Bausack,3662,939
35570,Tinners' Trail,3654,525
175621,Epic Card Game,3654,1576
113401,Timeline: Events,3649,1031
528,ZÈRTZ,3642,542
52461,Legacy: The Testament of Duke de Crecy,3642,605
2386,Chinese Checkers,3639,17102
132372,Guildhall,3637,815
181530,Runebound (Third Edition),3636,396
232832,Century: Golem Edition,3633,267
22825,Tide of Iron,3630,670
192458,51st State: Master Set,3629,279
35497,Fauna,3628,727
3685,Hammer of the Scots,3626,353
,,,
17025,Friday the 13th,3614,1596
256,Mississippi Queen,3608,1768
9625,Struggle of Empires,3603,389
149155,Dead Man's Draw,3596,974
65515,Nuns on the Run,3592,1447
150999,Valley of the Kings,3588,688
,,,
986,Babel,3567,1173
39339,Android,3563,1132
193042,Junk Art,3562,399
19777,Indonesia,3557,194
18866,Shear Panic,3555,1745
230080,Majesty: For the Realm,3547,746
139976,Cthulhu Wars,3537,236
1403,Turn the Tide,3534,1018
129948,The Palaces of Carrara,3525,604
148319,Tragedy Looper,3520,587
244228,Reef,3507,602
134352,Two Rooms and a Boom,3504,784
4396,Odin's Ravens,3501,1217
34084,Witch's Brew,3500,758
37196,Sorry! Sliders,3491,1660
71671,Yggdrasil,3489,730
169255,A Game of Thrones: The Card Game (Second Edition),3489,358
,,,
158275,Marvel Dice Masters: Uncanny X-Men,3480,583
2163,Space Hulk,3477,483
119591,Rialto,3469,853
16747,Tumblin-Dice,3466,643
153065,Linko!,3461,759
,,,
38159,Ultimate Werewolf: Ultimate Edition,3444,789
,,,
,,,
72225,CO₂,3430,616
55600,Shipyard,3427,477
207336,Honshū,3427,760
118063,Android: Infiltration,3411,1400
,,,
3307,Wallenstein (first edition),3405,408
5048,Candy Land,3402,17166
154809,Nippon,3396,265
29678,Munchkin Quest,3395,4285
144553,The Builders: Middle Ages,3395,1491
232918,Fallout,3391,934
25021,Sekigahara: The Unification of Japan,3390,143
229220,Santa Maria,3386,337
36235,The Duke,3380,454
,,,
151004,Smash Up: Science Fiction Double Feature,3366,557
4491,Cave Troll,3357,1722
233398,Endeavor: Age of Sail,3355,146
193558,The Oracle of Delphi,3351,516
6887,Hearts,3346,1661
42487,Lost Cities: The Board Game,3343,1039
256226,Azul: Stained Glass of Sintra,3338,368
24417,Factory Fun,3334,973
189932,Tyrants of the Underdark,3332,229
551,Battle Cry,3331,694
131646,Merchant of Venus (second edition),3318,649
18803,Black Stories,3317,2705
115,I'm the Boss!,3316,1044
,,,
21920,Leonardo da Vinci,3310,1102
17392,Here I Stand,3306,200
,,,
119506,Freedom: The Underground Railroad,3300,342
1339,Dungeon!,3298,3763
131325,Timeline: Diversity,3278,1050
95527,Madeira,3274,326
249,Lifeboats,3272,1369
220520,Caverna: Cave vs Cave,3269,573
15985,Blood Bowl: Living Rulebook,3267,239
106662,Power Grid: The First Sparks,3259,999
5894,Twister,3257,17147
481,Carolus Magnus,3256,1016
243,Advanced Squad Leader,3252,246
1117,You're Bluffing!,3252,1384
45986,Stronghold,3246,646
101785,D-Day Dice,3243,996
,,,
160010,Conan,3234,360
,,,
,,,
246192,Gizmos,3230,427
26566,Homesteaders,3226,580
180511,Shakespeare,3225,448
491,Web of Power,3224,589
,,,
128996,1775: Rebellion,3209,289
,,,
340,Frank's Zoo,3206,1349
39206,Click Clack Lumberjack,3194,1640
13122,Antiquity,3193,196
855,Java,3190,821
19999,Aton,3186,942
131287,Panamax,3186,514
638,Hera and Zeus,3175,1575
232219,Dragon Castle,3175,586
108784,Ascension: Storm of Souls,3173,601
201825,Ex Libris,3172,615
95103,Fortune and Glory: The Cliffhanger Game,3171,799
,,,
112138,Krosmaster: Arena,3157,1074
106,Mystery Rummy: Jack the Ripper,3147,883
250458,Gùgōng,3147,357
191231,Via Nebula,3146,716
1540,BattleTech,3145,891
242574,Century: Eastern Wonders,3143,535
902,Meuterer,3141,922
5432,Chutes and Ladders,3133,17167
,,,
,,,
,,,
117915,Yedo,3114,515
,,,
151347,Millennium Blades,3110,285
19526,Elasund: The First City,3105,1301
168679,Flip City,3096,1815
130176,Tales & Games: The Hare & the Tortoise,3087,739
145639,Coconuts,3087,812
,,,
155873,Power Grid Deluxe: Europe/North America,3078,162
73171,Earth Reborn,3074,336
183880,Risk: Star Wars Edition,3074,753
6707,Age of Mythology: The Boardgame,3073,2709
,,,
193621,Joking Hazard,3067,1790
12477,Bootleggers,3066,1270
16267,Trans Europa,3065,1330
31497,Oregon,3064,1107
,,,
8107,Risk: The Lord of the Rings Trilogy Edition,3050,1832
180852,Tiny Epic Western,3043,1275
123096,Space Cadets,3036,1356
197070,Massive Darkness,3033,698
382,Heimlich & Co.,3028,1669
3931,Mare Nostrum,3027,1207
135382,Shadowrun: Crossfire,3026,692
3737,Operation,3020,17159
154386,Medieval Academy,3018,863
99975,Timeline: Discoveries,3012,1180
,,,
7,Cathedral,3007,1635
134453,The Little Prince: Make Me a Planet,3004,952
71061,DungeonQuest (third edition),3001,1419
,,,
143185,Smash Up: The Obligatory Cthulhu Set,2998,1145
492,Aladdin's Dragons,2996,949
79127,Star Trek: Fleet Captains,2996,467
30645,Tammany Hall,2994,645
,,,
95064,Ascension: Return of the Fallen,2988,628
134253,Hostage Negotiator,2987,865
129051,Le Havre: The Inland Port,2985,923
194626,Happy Salmon,2985,1010
222509,Lords of Hellas,2982,252
30381,Hamburgum,2981,785
165722,KLASK,2980,386
175199,Mottainai,2979,822
,,,
31105,Archaeology: The Card Game,2967,1271
216459,The Lost Expedition,2967,733
634,River Dragons,2962,1648
,,,
25261,Tannhäuser,2953,1796
1035,Squad Leader,2947,536
151022,Baseball Highlights: 2045,2946,400
,,,
82168,Escape from the Aliens in Outer Space,2930,956
146791,Shadows of Brimstone: City of the Ancients,2926,294
3284,Star Wars: Epic Duels,2924,992
232405,Western Legends,2921,362
24827,Traders of Osaka,2920,1012
242302,Space Base,2916,508
176558,Mafia de Cuba,2911,1385
141517,A Study in Emerald,2910,681
24800,Conflict of Heroes: Awakening the Bear! – Russia 1941-42,2909,465
66171,Dragonheart,2909,1451
142992,Gravwell: Escape from the 9th Dimension,2909,940
4099,Keythedral,2904,782
,,,
54137,Battle Sheep,2895,1276
619,The Bottle Imp,2894,1168
170561,Valeria: Card Kingdoms,2893,517
12495,Fire & Axe: A Viking Saga,2887,854
12005,Around the World in 80 Days,2881,1484
40393,FITS,2880,1387
154458,Akrotiri,2879,618
,,,
1042,Dragon's Gold,2877,1697
217,A la carte,2871,1641
943,Ligretto,2865,2486
177590,13 Days: The Cuban Missile Crisis,2861,537
256382,Villainous,2861,875
17710,Conquest of the Empire,2859,1289
174785,Mare Nostrum: Empires,2850,411
15511,Fjords,2841,1222
117985,Star Trek: Catan,2835,904
38386,A Castle for All Seasons,2832,1193
40270,Call of Cthulhu: The Card Game,2822,1024
16772,Mall of Horror,2821,1382
69552,Panic Station,2818,3069
13780,In the Shadow of the Emperor,2816,957
201,The Rose King,2810,1100
128667,Samurai Sword,2810,1365
57390,Catacombs,2807,787
159109,XenoShyft: Onslaught,2802,887
11901,Tic-Tac-Toe,2801,17168
2165,Pokémon Trading Card Game,2795,2567
81453,Famiglia,2793,1630
57925,Havana,2791,1027
29934,Amyitis,2790,893
111124,Dark Moon,2786,845
31999,TZAAR,2781,356
162286,Super Motherload,2776,520
875,Roads & Boats,2774,320
65901,Age of Industry,2771,550
1261,Medina,2768,831
43022,Yomi,2768,906
142079,Space Cadets: Dice Duel,2767,1078
108906,Thunder Alley,2764,608
175324,Fog of Love,2762,689
,,,
339,Quiddler,2757,3078
168917,Smash Up: Pretty Pretty Smash Up,2757,650
38343,Ad Astra,2754,1020
99875,Martian Dice,2744,2031
2181,Bridge,2740,569
196326,Love Letter Premium,2740,494
466,Inkognito,2739,1510
86955,Munchkin Zombies,2738,2491
19841,Pentago,2733,1866
987,Kingmaker,2728,1803
179172,Unfair,2728,682
73369,51st State,2726,1072
223321,Detective: A Modern Crime Board Game,2726,202
12194,Munchkin Bites!,2723,3509
,,,
37120,Pack & Stack,2721,1757
1410,Trouble,2718,17161
1544,Beyond Balderdash,2718,1177
172047,The Others,2706,631
713,Nuclear War,2704,2519
157789,Pandemic: Contagion,2701,1737
168,Empire Builder,2700,1071
21550,Blokus Trigon,2698,1003
398,Wildlife Safari,2696,1412
55427,Mr. Jack in New York,2696,684
181687,The Pursuit of Happiness,2691,677
527,GIPF,2690,817
6351,Gulo Gulo,2689,1088
36553,Time's Up! Title Recall!,2688,324
175640,Vinhos Deluxe Edition,2682,136
20545,Rory's Story Cubes,2681,1993
,,,
31016,We Didn't Playtest This At All,2678,14891
105037,Tournay,2678,872
41933,Arctic Scavengers,2674,1076
41010,My First Carcassonne,2670,1328
,,,
10653,Pirates of the Spanish Main,2669,3583
,,,
29223,Marrakech,2665,1311
123123,BattleCON: Devastation of Indines,2661,256
135779,A Fake Artist Goes to New York,2659,783
128442,Relic,2658,1266
153064,Good Cop Bad Cop,2658,1338
120217,City of Horror,2655,1343
145189,Timeline: Music & Cinema,2649,1215
,,,
,,,
196,Kremlin,2647,955
98229,Pictomania,2643,637
193214,Meeple Circus,2643,769
13551,Oltre Mare,2641,1368
246784,Cryptid,2637,457
715,Escape from Colditz,2633,1507
,,,
23107,Drakon (third edition),2629,1676
147303,Carcassonne: South Seas,2626,823
67492,Battles of Westeros,2624,680
37198,Risk (Revised Edition),2623,3453
85325,Kolejka,2621,1362
178336,World's Fair 1893,2619,696
17240,That's Life!,2617,1652
1502,Hotel Tycoon,2616,16815
,,,
156858,Black Orchestra,2610,527
,,,
111341,The Great Zimbabwe,2607,314
197443,Fugitive,2607,647
,,,
90305,Cargo Noir,2602,1694
125548,Pixel Tactics,2600,958
40760,Alea Iacta Est,2595,1373
,,,
,,,
204305,Sherlock Holmes Consulting Detective: Jack the Ripper & West End Adventures,2588,280
,,,
168609,"Artifacts, Inc.",2583,1098
233247,Sid Meier's Civilization: A New Dawn,2578,663
125,Money!,2577,1593
192836,The Colonists,2577,365
42910,Peloponnes,2574,775
84419,Space Empires: 4X,2572,445
354,Sticheln,2570,884
,,,
160018,Smash Up: Monster Smash,2566,659
195544,Tides of Madness,2562,1035
160495,ZhanGuo,2559,438
165950,Beasty Bar,2559,1137
1515,Upwords,2557,6103
230,Merchant of Venus,2555,801
32116,Airships,2553,1848
191051,Outlive,2553,596
192135,Too Many Bones,2550,126
85897,Thunderstone: Dragonspire,2548,627
10997,Boomtown,2544,1588
1295,Pente,2543,1533
23094,Planet Steam,2542,772
65611,Cthulhu Dice,2541,17071
3633,Sid Meier's Civilization: The Boardgame,2540,15570
198454,When I Dream,2533,800
,,,
33451,The Red Dragon Inn 2,2530,1130
594,Sleuth,2529,1030
156776,"Warhammer 40,000: Conquest",2527,679
122159,Cthulhu Fluxx,2525,2893
,,,
,,,
3570,Chicken Cha Cha Cha,2516,1520
5206,Ogre,2514,1127
859,Illuminati,2511,2668
,,,
197831,Dark Souls: The Board Game,2507,1896
148261,SeaFall,2506,1890
472,DungeonQuest,2505,1429
212402,The Grimm Forest,2505,814
16991,Khet: The Laser Game,2504,1671
176165,Dale of Merchants,2502,795
50768,Ninjato,2500,722
228,Lunch Money,2493,11801
4192,Warhammer: The Mass Combat Fantasy Roleplaying Game (1st Edition),2492,1508
,,,
,,,
17161,Tempus,2485,1675
2507,Liberté,2484,788
46255,Campaign Manager 2008,2482,1379
,,,
,,,
128780,Pax Porfiriana,2471,417
128,Take it Easy!,2470,1477
4174,Lifeboat,2470,2029
116954,Indigo,2468,1113
908,Tally Ho!,2466,2652
167698,Magic: The Gathering – Arena of the Planeswalkers,2462,2131
185589,Islebound,2455,701
16933,Super Munchkin,2447,4520
162,The Awful Green Things From Outer Space,2443,1770
12761,Ys,2441,1054
72991,Asara,2438,902
13884,The Scepter of Zavandor,2437,967
1568,Space Crusade,2435,1143
3243,Wooly Wars,2432,2772
7479,WarCraft: The Board Game,2432,2948
65907,Mystery Express,2428,1582
18723,"Aye, Dark Overlord! The Red Box",2427,4097
179303,Cthulhu Realms,2427,1300
176083,Hit Z Road,2426,1245
82421,Summoner Wars: Phoenix Elves vs Tundra Orcs,2425,506
92190,Super Dungeon Explore,2421,1263
5576,Dungeoneer: Tomb of the Lich Lord,2416,2845
66587,GOSU,2415,1625
3837,Rat-a-Tat Cat,2414,2555
,,,
181345,Dr. Eureka,2408,1383
2569,Pick Picknic,2407,1590
205610,A Game of Thrones: Hand of the King,2407,1310
92319,Olympos,2402,1002
200954,Fields of Green,2396,747
40354,Maria,2394,273
156546,Monikers,2394,401
183562,Star Wars: X-Wing Miniatures Game – The Force Awakens Core Set,2392,301
265,Intrigue,2384,1969
139898,Brew Crafters,2384,529
158339,Lost Legacy: The Starship,2384,1437
144797,Argent: The Consortium,2383,414
12891,Friedrich,2380,538
39684,Merkator,2380,911
104020,Vanuatu,2380,742
217085,Unearth,2373,1117
204,Stephenson's Rocket,2372,1089
27848,Age of Conan: The Strategy Board Game,2371,1490
34194,Aquaretto,2371,990
337,Circus Flohcati,2364,1503
520,Axis & Allies: Europe,2364,1895
23686,GiftTRAP,2362,1916
156943,Saint Petersburg (second edition),2359,532
27356,Portobello Market,2358,1899
17053,Sleeping Queens,2356,1987
216734,Dice Throne: Season One,2356,547
14808,Marvel Heroes,2344,1985
91873,Strasbourg,2344,794
35503,Ra: The Dice Game,2340,1239
21791,Masons,2338,1649
205597,Jump Drive,2333,918
2679,Mouse Trap,2331,17158
15318,Palazzo,2331,1626
6830,Zendo,2327,732
,,,
66,Löwenherz,2315,925
192860,Oceanos,2312,1070
16366,Funny Friends,2309,1751
,,,
156689,Legendary: Villains – A Marvel Deck Building Game,2303,524
38862,Giants,2300,1007
,,,
10383,Risk: Godstorm,2299,2638
91523,Mondo,2298,1689
113289,Snake Oil,2295,1355
118174,Compounded,2290,1269
141736,Sail to India,2289,1281
,,,
68182,Isla Dorada,2284,1371
99,Fortress America,2283,1471
,,,
,,,
70,Big City,2276,1124
214,Café International,2273,2274
24773,On the Underground,2273,1096
167355,Nemesis,2273,259
170771,Sword & Sorcery,2273,382
19370,Quelf,2272,17026
195043,Welcome Back to the Dungeon,2271,1198
1260,Rook,2267,2109
3439,HeroClix,2266,1934
,,,
,,,
187377,Vikings Gone Wild,2262,786
,,,
141423,Dead Men Tell No Tales,2257,877
917,Rack-O,2255,7271
1275,221B Baker Street: The Master Detective Game,2253,3843
182189,Treasure Hunter,2251,1313
,,,
3228,Pueblo,2245,1104
171011,Favor of the Pharaoh,2241,1223
60435,Rallyman,2237,813
9028,Tongiaki: Journey into the Unknown,2236,2433
73538,Pirate Fluxx,2233,2713
180680,Automobiles,2232,656
6068,Queen's Necklace,2231,1901
1301,Netrunner,2230,654
17396,Manoeuvre,2228,724
62222,Commands & Colors: Napoleonics,2227,329
17835,Monsters Menace America,2226,3555
437,Master Labyrinth,2225,2269
208895,New York Slice,2225,1243
15510,Tower of Babel,2222,1492
34297,The Climbers,2222,1115
,,,
1634,Warhammer Quest,2220,738
204836,Escape Room: The Game,2220,832
245654,Railroad Ink: Deep Blue Edition,2217,700
234277,Nusfjord,2215,566
82420,Summoner Wars: Guild Dwarves vs Cave Goblins,2210,523
155708,Tiny Epic Defenders,2208,2127
949,Twixt,2207,1650
2162,"Warhammer 40,000",2207,2020
4394,The Settlers of the Stone Age,2200,1619
32341,Cockroach Salad,2199,2688
35052,Axis & Allies Anniversary Edition,2199,755
,,,
8190,The Bridges of Shangri-La,2198,1321
75449,Firenze,2195,736
38996,Washington's War,2194,482
195314,Herbaceous,2190,900
,,,
236191,London (Second Edition),2186,468
9823,Advanced Squad Leader: Starter Kit #1,2179,459
232,Serenissima (first edition),2176,1248
156091,Sons of Anarchy: Men of Mayhem,2176,744
1797,Pay Day,2175,17131
17449,Beowulf: The Legend,2175,2053
90040,Pergamon,2174,1091
,,,
2582,Catch Phrase!,2172,2277
6607,Munchkin Fu,2169,4576
129090,Roll For It!,2167,2921
,,,
67877,Anomia,2162,1646
632,Cloud 9,2161,1820
,,,
32441,Bezzerwizzer,2156,2136
27976,Heroscape Master Set: Swarm of the Marro,2153,568
180040,Villages of Valeria,2153,938
55697,Power Struggle,2152,1005
1270,Star Wars Customizable Card Game,2150,1629
247763,Underwater Cities,2141,286
191876,Ulm,2140,912
,,,
2122,Vampire: The Eternal Struggle,2138,1025
108044,Nefarious,2137,2158
,,,
111417,The Great Heartland Hauling Co.,2131,1118
,,,
151007,Pathfinder Adventure Card Game: Skull & Shackles – Base Set,2125,757
,,,
28089,Château Roquefort,2122,1235
75358,Paris Connection,2117,1346
9027,Oasis,2114,1404
233312,Stuffed Fables,2114,496
8129,Sluff Off!,2110,1181
,,,
938,Enchanted Forest,2107,5886
25951,The Castle of the Devil,2107,1918
195856,Bloodborne: The Card Game,2102,1229
120523,Nothing Personal,2100,894
192455,First Martians: Adventures on the Red Planet,2098,1566
150145,Skull King,2094,818
34707,The Hanging Gardens,2093,1319
4218,O Zoo le Mio,2092,1551
157096,Historia,2083,1126
,,,
221318,Whistle Stop,2083,861
233020,Fireball Island: The Curse of Vul-Kar,2083,954
174570,Legendary Encounters: A Predator Deck Building Game,2080,624
177678,Signorie,2080,648
40990,Word on the Street,2079,1606
1475,Careers,2077,5162
148943,Coup: Rebellion G54,2075,1015
,,,
172381,My Village,2075,1023
37400,Sushizock im Gockelwok,2072,1858
164265,Witness,2072,740
198525,Lotus,2070,1367
4471,Fist of Dragonstones,2069,2706
16216,Carcassonne: The Discovery,2069,1843
26,Age of Renaissance,2066,1004
143405,Sylvion,2066,876
,,,
3085,Gang of Four,2062,1657
205158,Codenames: Deep Undercover,2061,1560
253284,Ticket to Ride: New York,2061,945
218333,Rhino Hero: Super Battle,2060,778
37371,Piece o' Cake,2059,1602
91534,Struggle for Catan,2059,2651
29937,König von Siam,2058,1131
2944,Halli Galli,2057,4972
,,,
34615,New World: A Carcassonne Game,2054,1856
176,Give Me the Brain!,2051,4617
7688,Memory,2049,17128
8045,Princes of the Renaissance,2047,685
161866,Zombicide Season 3: Rue Morgue,2047,662
442,Um Reifenbreite,2046,1273
586,Up Front,2043,436
8924,Dancing Eggs,2043,1977
,,,
,,,
67239,Catan Histories: Settlers of America – Trails to Rails,2040,1314
2795,Car Wars,2038,2237
103185,Walnut Grove,2038,1041
3800,Himalaya,2036,1073
94246,1812: The Invasion of Canada,2036,712
122,Quo Vadis?,2031,1903
,,,
125921,Catan: Junior,2022,1610
1608,Ambush!,2014,754
7806,King Me!,2013,2114
32412,Palastgeflüster,2011,1347
40237,Long Shot,2011,1455
6901,Euchre,2009,1439
85005,The Boss,2009,1250
244711,Newton,2007,492
6795,Battleball,2003,2434
158435,Dogs of War,2003,651
4529,Hellas,2002,2556
107255,Evo (second edition),2002,1121
191300,Archaeology: The New Expedition,2002,921
114031,Copycat,2000,1360
,,,
38992,Royal Palace,1998,1200
939,Star Wars: The Queen's Gambit,1996,626
211534,Bears vs Babies,1996,15660
178054,A Study in Emerald (second edition),1992,1125
700,Battle Masters,1991,2803
15290,R-Eco,1991,1579
111799,Cuba Libre,1990,476
132018,Churchill,1989,513
41863,Axis & Allies: 1942,1986,1445
156714,Doomtown: Reloaded,1985,970
8170,Return of the Heroes,1983,1863
9441,Ribbit,1982,1458
,,,
144270,Relic Runners,1981,1587
159473,Quartermaster General,1980,743
244536,Tiny Epic Zombies,1980,968
,,,
5895,Hungry Hungry Hippos,1975,17152
224597,Warhammer Underworlds: Shadespire,1972,510
135219,The Battle of Five Armies,1967,423
205322,The Oregon Trail Card Game,1964,17145
,,,
230933,Merlin,1959,997
,,,
,,,
147116,The Witcher Adventure Game,1955,2349
,,,
150997,Shadows of Brimstone: Swamps of Death,1953,402
205716,New Angeles,1953,888
105593,Cheating Moth,1949,1950
191894,Imagine,1949,1167
245934,Carpe Diem,1948,621
,,,
,,,
30658,Rise of Empires,1944,1013
35761,Sylla,1944,1392
235488,Istanbul: The Dice Game,1943,886
181524,Masmorra: Dungeons of Arcadia,1942,1059
178570,Unusual Suspects,1941,1842
216092,Unlock! Squeek & Sausage,1941,826
37919,Ascending Empires,1940,879
165986,Royals,1939,907
,,,
,,,
4249,Trias,1935,1880
14254,PitchCar Mini,1931,1142
193949,Star Trek: Ascendancy,1929,599
56931,Arena: Roma II,1923,1197
102237,Drako,1922,1552
1107,Nyet!,1916,1336
167513,Barony,1915,1033
4040,Tri-Ominos,1914,16998
233678,Indian Summer,1913,1277
22198,Great Wall of China,1911,2521
91620,Pastiche,1911,1309
903,Hamsterrolle,1909,1325
195560,Wasteland Express Delivery Service,1908,687
216091,Unlock! The Formula,1907,947
207691,Railroad Revolution,1906,726
164338,The Golden Ages,1903,809
195162,Plague Inc.: The Board Game,1903,856
202670,Ticket to Ride: Rails & Sails,1902,820
148203,Dutch Blitz,1897,1816
,,,
127997,Qin,1887,1377
62220,Urban Sprawl,1885,1406
,,,
592,Spades,1879,1475
269385,The Lord of the Rings: Journeys in Middle-earth,1877,348
254640,Just One,1875,630
6424,Pick Up Sticks,1874,17148
67928,Puzzle Strike,1874,1555
151247,Greed,1874,1504
1334,Entdecker: Exploring New Horizons,1872,1806
22,Magic Realm,1871,1034
1472,Five Crowns,1870,4219
219215,Werewords,1869,871
,,,
34599,Toledo,1866,2373
18745,Sun Tzu,1863,1067
,,,
23142,Mag·Blast (Third Edition),1862,3270
22484,Ingenious: Travel Edition,1858,1000
26997,1989: Dawn of Freedom,1858,471
7866,10 Days in the USA,1857,1976
67185,Sobek,1855,1539
1262,Axis & Allies: Pacific,1853,1787
69779,Polis: Fight for the Hegemony,1852,588
,,,
166226,The Staufer Dynasty,1850,905
36522,2 de Mayo,1849,1204
635,Formula Motor Racing,1846,2103
144041,Patchistory,1845,932
,,,
103092,Helvetia,1842,1114
7865,10 Days in Africa,1841,1795
,,,
28620,Phoenicia,1839,1738
2025,Frag,1837,7569
10081,Axis & Allies: D-Day,1837,2308
,,,
232988,The Castles of Burgundy: The Dice Game,1837,1171
,,,
237,Wooden Ships & Iron Men,1835,1185
117960,Saint Malo,1834,1883
29073,Blockers!,1833,1506
31624,League of Six,1832,1370
31920,Munchkin Booty,1832,2755
154086,Gold West,1832,695
35435,Nefertiti,1831,1138
29294,World of Warcraft: The Adventure Game,1830,2988
112373,BraveRats,1829,1954
186751,Mythic Battles: Pantheon,1826,317
8095,Prophecy,1825,1631
37387,Steel Driver,1823,1108
40769,Valdora,1823,1397
,,,
38545,Kamisado,1820,1212
701,A House Divided: War Between the States 1861-65,1819,1079
98315,The Adventurers: The Pyramid of Horus,1819,1464
,,,
72,Verräter,1817,1512
,,,
38194,Cheaty Mages!,1814,2404
,,,
,,,
152237,Pairs,1809,2161
154509,Kingsport Festival,1809,1485
176544,Automania,1809,781
257499,Arkham Horror (Third Edition),1808,561
226320,My Little Scythe,1807,721
172933,Dragonwood,1805,1599
180899,Ponzi Scheme,1805,892
3181,Farkle,1804,16073
,,,
21654,Iliad,1800,1836
38531,Powerboats,1800,1478
7316,Bingo,1799,17165
21954,Perikles,1799,1213
443,Code 777,1797,1493
1032,B-17: Queen of the Skies,1795,1320
5406,New England,1795,1915
,,,
,,,
159503,The Captain Is Dead,1787,978
203430,Fuji Flush,1786,1793
152,Mü & More,1780,964
111148,Würfel Bohnanza,1780,1605
198740,Lovecraft Letter,1780,898
19643,World of Warcraft Trading Card Game,1778,1744
206931,Encore!,1778,1139
187617,Nemo's War (second edition),1775,392
45134,Arcana,1772,2922
171879,Kraftwagen,1772,839
,,,
6752,Attack!,1771,4869
24703,Heroscape Marvel: The Conflict Begins,1769,1254
144239,Impulse,1765,1297
115105,Kittens in a Blender,1762,6345
136280,La Boca,1762,1174
228660,Betrayal at Baldur's Gate,1762,1120
38863,Hab & Gut,1759,1075
192074,Odin's Ravens (second edition),1755,1090
194690,Viral,1754,1042
,,,
,,,
144189,Fire in the Lake,1750,406
9910,Wings of War: Watch Your Back!,1749,1251
,,,
76674,String Railway,1745,2163
147253,The Ancient World,1745,1063
883,Ivanhoe,1743,1834
137649,Level 7 [Omega Protocol],1743,717
,,,
12589,Razzia!,1741,1393
,,,
139771,Star Trek: Attack Wing,1740,1085
333,Waterworks,1738,15714
96713,Deadwood,1737,2156
,,,
,,,
3072,Necromunda,1733,941
25224,Hermagor,1732,1293
75165,De Vulgari Eloquentia,1731,903
144826,Zombie 15',1731,1318
214032,Founders of Gloomhaven,1730,1432
10934,Things...,1727,3329
63759,Seeland,1726,1233
403,Elk Fest,1723,2769
8124,Industria,1722,2006
60131,Ugg-Tect,1722,2385
1563,Rise and Decline of the Third Reich,1721,1564
152470,Fief: France 1429,1721,836
55253,Atlantis,1719,1892
1915,Middle-earth,1718,1028
5867,10 Days in Europe,1718,1778
,,,
181293,Alien Artifacts,1717,1468
182694,Watson & Holmes,1717,819
12004,Candamir: The First Settlers,1716,2912
9341,Lost Valley,1715,1476
38506,Witch of Salem,1715,1705
140863,Council of Verona,1715,2229
258036,Between Two Castles of Mad King Ludwig,1715,725
2570,Atlantic Star,1714,1357
29972,El Capitán,1713,1430
,,,
24509,Gambit Royale,1712,2118
46807,Infinite City,1712,2721
1197,Blink,1709,3979
217861,Paper Tales,1708,1109
1038,Tantrix,1707,2387
37358,Founding Fathers,1707,1166
,,,
206051,Insider,1705,1103
65282,Tanto Cuore,1704,1483
,,,
175,Beat the Buzzard,1702,2050
53093,Heroes of Normandie,1700,806
,,,
146130,Coin Age,1699,3082
146312,Ghost Fightin' Treasure Hunters,1699,1080
146418,Warhammer: Diskwars,1699,1149
218530,Tortuga 1667,1697,1294
32666,Wealth of Nations,1696,1303
153016,Telestrations: 12 Player Party Pack,1695,558
,,,
691,Timbuktu,1693,1617
,,,
25674,Khronos,1693,2220
215842,Exit: The Game – The Polar Station,1692,1040
32484,The Battle for Hill 218,1691,1668
183006,Qwinto,1691,1058
22348,Duplik,1689,1260
123239,Wits & Wagers Party,1689,1302
173101,Council of 4,1689,1006
,,,
228504,Cat Lady,1688,1053
163413,Murano,1687,919
224710,Zombicide: Green Horde,1686,603
19948,Rum & Pirates,1685,2142
,,,
163839,Feudum,1684,723
2393,Xiangqi,1682,1164
103649,The City,1682,1831
23730,Gheos,1680,1878
137330,Cube Quest,1679,1409
,,,
,,,
209418,Dominion (Second Edition),1676,466
223040,Fantasy Realms,1676,864
380,Polarity,1673,2270
157,Eurorails,1672,1199
134157,Guilds of London,1668,1244
6050,Duel of Ages Set 1: Worldspanner,1667,1959
234190,Unstable Unicorns,1667,2770
60579,Poo: The Card Game,1666,8976
123219,OddVille,1665,1428
86246,Drum Roll,1663,1282
37907,Diamonds Club,1661,1123
79073,Resident Evil Deck Building Game,1659,2174
,,,
173064,Leaving Earth,1657,582
218417,Aeon's End: War Eternal,1656,263
1298,Monopoly: Star Wars,1655,17113
34373,Tiki Topple,1652,2078
140717,Progress: Evolution of Technology,1652,1813
,,,
117942,Zooloretto: The Dice Game,1651,2081
139443,Superfight,1651,4251
71021,Evolution: The Origin of Species,1650,2601
,,,
231581,AuZtralia,1650,713
67888,Lords of Scotland,1648,1513
181796,The Prodigals Club,1648,857
,,,
89910,"Run, Fight, or Die!",1646,1329
139899,VivaJava: The Coffee Game: The Dice Game,1646,1577
,,,
153507,Terra,1645,1446
205494,"Machi Koro: Bright Lights, Big City",1640,1684
153,Take 5!,1636,2141
,,,
80771,Dungeon Raiders,1636,1747
184151,Legend of the Five Rings: The Card Game,1633,741
103686,Mundus Novus,1632,1616
,,,
18098,Napoleon's Triumph,1630,458
,,,
191572,Animals on Board,1626,1666
153999,"...and then, we held hands.",1623,2861
,,,
54307,Chronicle,1622,1473
204516,878 Vikings: Invasions of England,1622,714
40381,Masters Gallery,1621,1772
,,,
129351,The Cave,1620,1877
8946,Coda,1619,3141
85036,20th Century,1618,1350
215341,Thunderstone Quest,1618,461
180564,Carcassonne: Star Wars,1617,1537
22287,Buccaneer,1615,2451
23451,Space Dealer,1615,1857
61692,Axis & Allies Europe 1940,1615,897
29839,Key Harvest,1614,1474
1690,Unexploded Cow,1613,3393
189052,Sea of Clouds,1613,1554
195528,La Granja: No Siesta,1613,1306
7804,Dracula,1611,2743
1923,MindTrap,1610,17120
655,Castle,1609,3109
215841,Exit: The Game – The Forgotten Island,1607,1032
73,Show Manager,1604,1195
166286,Bottom of the 9th,1603,1435
174078,Holmes: Sherlock & Mycroft,1603,1380
11634,Mexican Train,1599,10388
212445,Blood Bowl (2016 edition),1597,469
19,Wacky Wacky West,1596,2450
66588,Wits & Wagers Family,1596,1317
123607,Puzzle Strike (Third Edition),1596,1017
24762,Medici vs Strozzi,1595,1951
183571,Deep Space D-6,1595,924
,,,
35505,Walk the Plank!,1591,1840
36811,The Princes of Machu Picchu,1591,1238
71906,Castaways,1591,1242
805,Buffy the Vampire Slayer: The Game,1590,1839
223953,Kitchen Rush,1589,773
,,,
1536,Lord of the Fries,1586,3923
21641,Aquädukt,1585,2166
89409,BattleCON: War of Indines,1585,629
144529,Theseus: The Dark Orbit,1585,1155
287,Bazaar,1584,1981
173442,Empires: Age of Discovery,1584,498
95234,Cthulhu Gloom,1582,2351
589,Wiz-War,1580,1517
38765,Ground Floor,1580,1129
165401,Wir sind das Volk!,1580,559
30367,Perry Rhodan: The Cosmic League,1579,1500
,,,
1899,13 Dead End Drive,1578,4798
20022,Terra Nova,1578,2183
260428,Pandemic: Fall of Rome,1577,578
195137,Catacombs (Third Edition),1576,690
814,Aquarius,1575,3752
1887,Legend of the Five Rings,1571,1183
58,Kings & Things,1570,2028
,,,
3421,StreetSoccer,1570,1905
123499,City of Iron,1570,988
20134,The End of the Triumvirate,1567,1480
175293,Trambahn,1567,1274
,,,
,,,
168681,Beyond Baker Street,1566,1268
202426,Sidereal Confluence: Trading and Negotiation in the Elysian Quadrant,1566,592
130882,Cardline: Animals,1565,1849
2238,PanzerBlitz,1563,2192
158243,Dragon Slayer,1560,8614
183231,Adventure Land,1559,1308
,,,
4862,Outburst!,1558,5232
132028,Conflict of Heroes: Awakening the Bear! – Operation Barbarossa 1941 (second edition),1558,531
6366,Dungeons & Dragons: The Fantasy Adventure Board Game,1557,2339
,,,
,,,
164812,Roll For It! Deluxe Edition,1556,1904
33468,Zombie in my Pocket,1555,2680
,,,
,,,
14,Basari,1553,1547
1822,Wilderness War,1553,668
40214,Bombay,1553,2396
41833,Creationary,1551,4007
172385,Porta Nigra,1550,981
17027,Sitting Ducks Gallery,1549,3375
133632,Mythotopia,1549,1402
69120,Cadwallon: City of Thieves,1548,2678
173200,Epic Spell Wars of the Battle Wizards: Rumble at Castle Tentakill,1548,1743
71074,Expedition: Northwest Passage,1547,1214
,,,
123570,Strike,1545,1632
,,,
135649,Tales & Games: The Three Little Pigs,1539,2060
,,,
,,,
827,Attila,1537,2052
17405,1846: The Race for the Midwest,1537,439
94480,Pantheon,1537,1526
137095,The Witches: A Discworld Game,1537,3133
154825,Arkwright,1537,540
140519,Myth,1534,2108
85250,The Dwarf King,1533,1943
83629,The Hobbit,1532,3757
98085,Seven Dragons,1532,2725
3522,LCR,1531,17163
568,Rage,1529,2944
154182,Helios,1529,1502
3565,Mordheim: City of the Damned,1527,1106
157001,Trains: Rising Sun,1527,764
63543,Horus Heresy (2010),1526,1258
,,,
163642,Chimera Station,1526,881
5336,Talisman (third edition),1524,2747
71882,Conquest of Planet Earth: The Space Alien Game,1524,1418
226501,Dragonfire,1522,1014
66214,Samarkand: Routes to Riches,1521,1396
4488,Scarab Lords,1520,3416
19301,Mesopotamia,1519,1970
44,David & Goliath,1517,2140
19764,PÜNCT,1517,1519
142325,Kobayakawa,1517,2391
3141,The Bucket King,1516,2428
20080,Aqua Romana,1514,2460
80006,Mord im Arosa,1514,1906
38548,Fast Flowing Forest Fellers,1511,1984
204574,The Flow of History,1510,1401
180020,Virus!,1509,1979
244,Circus Maximus,1505,1765
118695,Riff Raff,1505,1348
2266,Gobblet,1504,1968
130,Iron Dragon,1503,1426
111105,Agents of SMERSH,1502,1257
,,,
,,,
130960,Triumph & Tragedy,1501,404
531,Merchants of Amsterdam,1499,1700
204472,Sub Terra,1499,1092
118536,Police Precinct,1498,1381
223855,Sentient,1497,969
11229,Star Wars Miniatures,1496,1642
169,En Garde,1495,2099
,,,
30618,Eat Poop You Cat,1494,805
9829,Runebound (First Edition),1491,3256
,,,
,,,
43152,Assyria,1488,1453
138233,Ascension: Rise of Vigil,1488,1110
2639,Panzer Leader,1487,2085
20806,Three-Dragon Ante,1487,2284
179803,Arcadia Quest: Inferno,1487,485
420,Rail Baron,1486,2098
444,Escape from the Hidden Castle,1486,2251
113636,Edo,1486,1160
122842,Exodus: Proxima Centauri,1486,1093
140535,Koryŏ,1485,1706
,,,
7480,Sword of Rome,1480,961
142852,DC Comics Deck-Building Game: Heroes Unite,1480,1011
167270,Medina (second edition),1480,977
145203,Prosperity,1477,1644
177249,The Manhattan Project: Chain Reaction,1477,2091
6263,King's Breakfast,1475,2865
184522,Dead Last,1474,2303
1501,Masterpiece,1473,11495
,,,
197405,Tak,1472,756
111,Rheinländer,1471,1854
66424,Dungeon Run,1470,2835
,,,
168788,Rum & Bones,1469,1376
357,Excape,1468,2465
,,,
3720,Subbuteo,1467,1479
,,,
129050,P.I.,1467,1686
223750,Hardback,1467,870
192934,Colony,1466,1809
47055,High Frontier,1465,896
131014,Carcassonne: Winter Edition,1465,867
110,Auf Achse,1464,2759
2476,Industrial Waste,1463,1662
29308,Beowulf: The Movie Board Game,1463,2441
,,,
36648,Pyramid of Pengqueen,1463,1416
230085,Agra,1463,916
6779,The Ark of the Covenant,1460,1334
214293,Mountains of Madness,1460,2010
,,,
,,,
193308,Spyfall 2,1456,1175
,,,
13301,Caribbean,1453,2848
40425,Maori,1453,1808
,,,
157413,New Bedford,1448,1151
,,,
5781,"Edel, Stein & Reich",1447,1408
172552,Karmaka,1447,1810
216201,Robo Rally,1446,1267
91080,Andean Abyss,1445,810
104955,Antike Duellum,1445,1159
,,,
,,,
,,,
173341,Loopin' Chewie,1442,2347
169611,Love Letter: The Hobbit – The Battle of the Five Armies,1439,1225
15045,Risk: Star Wars – The Clone Wars Edition,1438,4037
171890,Best Treehouse Ever,1438,1825
24037,Escape from Atlantis,1437,2016
22278,12 Thieves,1436,2307
,,,
1155,Capitol,1435,1569
158340,Lost Legacy: Flying Garden,1435,1688
172220,Dungeons & Dragons: Temple of Elemental Evil Board Game,1435,1052
55829,Axis & Allies Pacific 1940,1434,1049
95105,1st & Goal,1434,1957
,,,
118418,Divinare,1432,1645
1597,Streetcar,1431,2179
28025,Wicked Witches Way,1431,2280
160964,Star Wars: Empire vs. Rebellion,1430,2421
58110,Horse Fever,1429,1391
,,,
175223,Valley of the Kings: Afterlife,1429,965
,,,
41066,Virgin Queen,1427,533
28723,Before the Wind,1423,1785
215840,Exit: The Game – The Forbidden Castle,1423,1364
,,,
162823,El Gaucho,1420,1538
169794,Haspelknecht,1419,995
31483,Constantinopolis,1418,1463
5072,Carrom,1417,1358
,,,
79131,Star Trek: Expeditions,1416,2200
119391,Il Vecchio,1415,1374
168274,Mistfall,1413,1753
180956,One Night Ultimate Vampire,1412,1690
,,,
21754,Nottingham,1409,2665
58936,Wars of the Roses: Lancaster vs. York,1409,976
92044,Dungeons & Dragons: Conquest of Nerath Board Game,1408,1532
137909,Bugs in the Kitchen,1408,2732
160610,Thunderbirds,1408,880
137031,Ancient Terrible Things,1406,1553
33107,Senji,1404,2090
176361,One Night Revolution,1404,2915
195571,Legendary Encounters: A Firefly Deck Building Game,1403,1141
41569,The Great Fire of London 1666,1402,2045
,,,
122294,Ascension: Immortal Heroes,1400,972
143404,Castellion,1400,1345
3972,Catan: Portable Edition,1399,1701
,,,
30241,Patrician,1399,1898
38823,Conflict of Heroes: Storms of Steel! – Kursk 1943,1399,715
205046,Capital Lux,1399,1246
40832,Keltis: Das Kartenspiel,1397,1755
153097,Heroes Wanted,1396,1707
40770,The Golden City,1394,1917
141932,The Agents,1394,2557
146221,Forge War,1391,1064
91984,Québec,1389,1182
129736,Kakerlakenpoker Royal,1388,1438
175307,Adventure Time Love Letter,1388,1202
4209,Monza,1387,1978
27048,Duel in the Dark,1386,1893
1768,Fireball Island,1384,2598
40508,Scrabble Slam!,1384,17060
1419,Pylos,1383,2643
138431,Galaxy Defenders,1383,991
177802,Smash Up: It's Your Fault!,1383,838
29109,Dust,1382,2294
35488,The Name of the Rose,1382,1659
,,,
198953,Pax Renaissance,1382,548
,,,
124380,Ladies & Gentlemen,1380,2077
135116,Rent a Hero,1380,2405
27463,Galactic Emperor,1379,1859
117,Ta Yü,1378,1425
,,,
,,,
73316,Magnum Sal,1376,1372
,,,
75476,Inca Empire,1375,1252
,,,
10167,Zombies!!! 4: The End...,1374,3299
11231,Snorta!,1374,3436
158889,Summoner Wars: Alliances Master Set,1373,473
165838,Space Hulk (fourth edition),1373,664
40444,Livingstone,1372,2300
,,,
,,,
222,Space Beans,1369,3331
24304,Unspeakable Words,1369,2811
,,,
160902,Dungeons & Dragons Dice Masters: Battle for Faerûn,1368,1021
2603,The Lord of the Rings Trading Card Game,1367,1656
1484,Clue: The Great Museum Caper,1366,1799
128554,Völuspá,1365,1802
191004,My First Stone Age,1364,1791
96613,Alcatraz: The Scapegoat,1363,2499
4864,Scene It? Movie,1359,15162
,,,
136056,Asante,1357,1498
,,,
,,,
193737,Star Trek Panic,1352,1332
175878,504,1350,2435
12346,Spooky Stairs,1349,2367
12681,Neuland,1349,2121
15033,Australia,1348,2162
200847,Secrets,1348,2087
,,,
182351,Thief's Market,1347,2075
,,,
244654,Wildlands,1346,975
1297,Trivial Pursuit: Star Wars Classic Trilogy Collector's Edition,1345,15054
31133,Ice Flow,1345,2335
234669,Legacy of Dragonholt,1344,983
29581,Tomb,1343,2640
,,,
75,Falling,1341,15012
200,Entdecker,1341,2240
3267,Pizarro & Co.,1341,2035
59,Giganten,1340,1719
833,For the People,1340,763
180602,Game of Trains,1339,2503
202583,Rise of Tribes,1338,1065
9,El Caballero,1336,2232
550,Barbarossa,1336,2539
8222,Spank the Monkey,1336,4582
21464,California,1336,2788
19947,Ark,1335,2692
143175,Kashgar: Merchants of the Silk Road,1335,1230
,,,
118705,Ghost Blitz 2,1334,1712
193739,Jórvík,1333,1570
3236,WildLife,1332,1841
235,Blackbeard,1331,2655
40831,The Pillars of the Earth: Builders Duel,1331,2021
,,,
87890,Prêt-à-Porter,1331,1144
310,Wizard's Quest,1330,3273
2065,Shogi,1328,1165
146735,Munchkin Adventure Time,1328,2489
28181,Combat Commander: Pacific,1327,528
2750,Imaginiff,1326,14975
,,,
163640,Eminent Domain: Microcosm,1325,2111
,,,
203780,Power Grid: The Card Game,1323,1586
176371,Explorers of the North Sea,1322,1045
66510,The Red Dragon Inn 3,1320,1331
125311,Okiya,1318,1989
,,,
,,,
2290,Phantoms vs Phantoms,1314,2492
,,,
10816,Blackjack,1313,17130
3154,Nautilus,1312,2500
73070,Olympus,1312,1559
76150,Revolver,1312,1540
262215,Blackout: Hong Kong,1311,868
,,,
108,TAMSK,1308,1721
9408,Dos Rios,1306,2321
27385,Alchemist,1306,2817
251678,Railroad Ink: Blazing Red Edition,1306,1136
154634,Yardmaster,1305,2461
15953,Wings of War: Burning Drachens,1303,1335
218121,Dice Hospital,1303,1224
,,,
66849,Safranito,1301,1509
148290,Longhorn,1301,2034
218311,Deckscape: Test Time,1300,1651
25234,Catan Histories: Struggle for Rome,1299,2315
163930,Abracada...What?,1299,2073
193557,Android: Mainframe,1299,1829
193560,Escape the Room: Mystery at the Stargazer's Manor,1299,1937
19427,Gemblo,1298,1665
,,,
,,,
2379,Guesstures,1296,4359
15600,Kreta,1296,1545
130877,Blood Bound,1296,2003
29603,D-Day at Omaha Beach,1295,511
104581,Panic on Wall Street!,1295,1403
,,,
,,,
9675,La Strada,1294,2984
172931,Outfoxed!,1294,1208
847,Feudal,1293,3988
,,,
,,,
154301,The Battle at Kemble's Cascade,1293,1752
38984,Mow,1292,3008
63706,11 nimmt!,1292,2731
348,Merchants of the Middle Ages,1291,1726
68264,No Retreat! The Russian Front,1291,711
2808,The Russian Campaign,1289,1206
165948,Mangrovia,1289,1209
293,Bamboleo,1287,2495
,,,
234671,Pandemic: Rising Tide,1286,767
37734,Cavum,1284,1798
,,,
121423,Skyline,1281,3735
2961,Confusion:  Espionage and Deception in the Cold War,1280,1288
,,,
2557,Castle Risk,1279,16479
132544,Tesla vs. Edison: War of Currents,1279,1821
153318,Dimension,1279,1595
27,Supremacy,1278,14719
143157,SOS Titanic,1278,1897
32165,Darjeeling,1277,2124
37696,The Stars Are Right,1276,2740
65673,Masques,1276,2215
15954,Conquest of Paradise,1275,1549
154003,Pagoda,1275,1837
,,,
156138,Happy Pigs,1274,1561
172996,The King Is Dead,1273,1285
187680,Quests of Valeria,1270,1410
127127,The Lord of the Rings: The Fellowship of the Ring Deck-Building Game,1269,1767
,,,
172546,Parfum,1266,2228
2288,Blood Bowl (Second Edition),1265,1807
73863,Grimoire,1265,2381
27940,RattleSnake,1264,4614
46396,Ubongo 3-D,1264,1261
138649,DC Comics Dice Masters: Justice League,1264,993
3452,Emerald,1263,2542
1499,World in Flames,1262,1055
163805,Transatlantic,1262,1219
229,King of the Elves,1261,2919
222542,Otys,1261,1386
201248,Evolution: The Beginning,1260,1783
67180,Tikal II: The Lost Temple,1258,1565
245643,Luxor,1258,1232
,,,
,,,
234477,Battle for Rokugan,1257,960
141,Andromeda,1256,2512
,,,
244331,Blue Lagoon,1255,1128
229265,Wendake,1253,833
4610,Lord of the Rings: The Duel,1252,4331
39242,Black Friday,1251,2054
96260,Dominant Species: The Card Game,1251,3706
1604,The Mad Magazine Game,1250,17109
154906,Isle of Trains,1250,1594
230303,Unlock! The House on the Hill,1250,1280
6281,Eketorp,1249,2606
86073,5 Second Rule,1249,15601
218293,Rise to Nobility,1248,1470
300,Tutankhamen,1247,3337
242639,Treasure Island,1247,1146
3655,The Settlers of Canaan,1246,2177
126996,King's Forge,1246,1524
94104,Omen: A Reign of War,1245,1038
216094,Unlock! The Island of Doctor Goorse,1245,1653
,,,
233676,Noria,1243,2059
240196,Betrayal Legacy,1243,666
1315,Africa,1241,3835
12632,Goldbräu,1241,2432
8172,Coyote,1240,2005
6205,Europe Engulfed,1238,1062
764,Mad Gab,1237,17086
,,,
963,The Gardens of the Alhambra,1234,3248
12205,In a Pickle,1234,17123
212516,Keyper,1233,1046
533,Labyrinth: The Card Game,1232,11487
1552,Illuminati: New World Order,1232,2682
121073,Panic Lab,1232,3237
142296,Funemployed,1231,1670
111732,Kings of Air and Steam,1230,1530
180592,Steam Time,1230,1237
22532,Wings of War: The Dawn of World War II,1229,1716
190082,Whitehall Mystery,1229,816
,,,
21287,Bison: Thunder on the Prairie,1227,2617
,,,
187273,The Dresden Files Cooperative Card Game,1227,1459
19989,Robber Knights,1225,3228
207243,The City of Kings,1225,762
96007,The New Era,1224,927
128664,Timeline,1222,2382
,,,
152053,Lagoon: Land of Druids,1221,2609
433,Shark,1219,1999
,,,
152242,Ultimate Werewolf: Deluxe Edition,1218,1448
,,,
231696,Bob Ross: Art of Chill Game,1217,1618
386,Pirateer,1216,16117
3139,Goldland,1216,1914
170624,Crusaders: Thy Will Be Done,1216,840
206803,Warsaw: City of Ruins,1215,1051
8166,Anno 1503,1214,2831
22192,HeroQuest Advanced Quest,1214,1462
146816,Sanssouci,1214,1324
,,,
15878,Rummy,1213,6665
37836,Julius Caesar,1213,811
84159,Junta: Viva el Presidente!,1212,2538
932,Top Race,1211,1775
205418,Agricola: Family Edition,1210,1312
19995,Canal Mania,1209,1585
40531,Cosmic Encounter,1209,2551
126444,The Hobbit Card Game,1209,16965
131891,Lost Legends,1208,2260
8522,Ninja Burger,1205,12332
29456,Infernal Contraption,1204,4888
30166,"The Good, the Bad, and the Munchkin",1203,3394
1589,Star Fleet Battles,1202,1838
223049,Custom Heroes,1202,1691
,,,
1265,Mystery Rummy: Jekyll & Hyde,1199,2037
5339,Monopoly Junior,1198,17140
42898,Pocket Battles: Celts vs. Romans,1198,2490
21892,Augsburg 1520,1197,2331
,,,
8207,Dungeoneer: Vault of the Fiends,1196,2812
154259,Province,1196,2648
31479,Ubongo Extreme,1195,1703
24157,Order of the Stick Adventure Game: The Dungeon of Dorukan,1193,6123
,,,
,,,
178613,Star Trek: Five-Year Mission,1189,2390
157958,DungeonQuest Revised Edition,1188,1514
5534,Light Speed,1187,2620
10550,Big Boggle,1187,1761
126100,Mythos Tales,1187,1019
227456,Escape the Dark Castle,1187,1461
128898,New Amsterdam,1186,1388
31808,GUBS: A Game of Wit and Luck,1185,4364
124052,Cinque Terre,1185,1449
164,"Before I Kill You, Mister Spy...",1183,16565
230408,Monopoly Gamer,1183,2575
,,,
93538,Battleship Galaxies,1182,2138
,,,
,,,
1662,"Napoleon: The Waterloo Campaign, 1815",1181,1187
118000,Africana,1181,1845
158109,Onward to Venus,1181,1633
142961,Thunderstone Advance: Numenera,1179,1150
8668,Igloo Pop,1178,2844
,,,
,,,
127518,A Distant Plain,1176,693
187653,Covert,1176,1264
217780,Gentes,1176,889
7682,Go Fish,1175,17157
9202,Saga,1175,5439
143401,Yunnan,1175,1352
10496,Camelot Legends,1174,3663
230304,Unlock! The Nautilus' Traps,1174,3890
15157,Amazonas,1173,2719
19348,Byzantium,1173,1714
182340,Star Trek: Frontiers,1173,728
109779,Garden Dice,1172,1947
199383,Calimala,1172,1286
,,,
4492,Trivial Pursuit: 20th Anniversary Edition,1170,17022
84469,Fürstenfeld,1170,2210
180198,Rolling America,1170,2408
24935,Anima: Shadow of Omega,1169,5855
249381,The Estates,1169,937
,,,
30,Dark Tower,1165,2301
181761,Plums,1165,2033
247236,Duelosaur Island,1165,1057
19419,Euphrates & Tigris: Contest of Kings,1164,3643
,,,
,,,
144761,"Going, Going, GONE!",1163,3016
19650,Il Principe,1162,2476
,,,
168054,Grifters,1160,1771
,,,
235375,Spirits of the Forest,1158,1573
239464,Palm Island,1157,1061
10799,Old Maid,1155,17156
137776,Praetor,1155,2120
244115,Shards of Infinity,1154,1060
226522,Exit: The Game – Dead Man on the Orient Express,1152,697
423,1856: Railroading in Upper Canada from 1856,1151,966
254,Empires in Arms,1150,1099
3728,Ker Plunk,1150,17112
179460,Stronghold (2nd edition),1150,928
262712,Res Arcana,1150,790
16398,War,1148,17164
2633,DOG,1147,2670
,,,
163370,Carcassonne: Gold Rush,1147,1333
168998,Marvel Dice Masters: Age of Ultron,1147,1163
,,,
,,,
,,,
227515,Riverboat,1146,1009
244995,Illusion,1146,1748
109125,Wallenstein (second edition),1145,901
244916,Drop It,1143,1592
692,Wizard Kings,1141,1967
,,,
29687,Leaping Lemmings,1140,2394
242804,Lowlands,1139,1084
31506,Ziegen Kriegen,1138,3296
162559,Smash Up: Munchkin,1136,2110
1442,Victory in the Pacific,1135,1363
42124,Dungeon Twister 2: Prison,1134,1228
112869,Munchkin Apocalypse,1134,2700
1758,Advanced Heroquest,1133,2182
123885,Pick-a-Dog,1133,3128
5825,Paris Paris,1132,3090
37728,Rock the Beat,1132,2780
38657,Cities,1131,2488
164949,"Time of Crisis: The Roman Empire in Turmoil, 235-284 AD",1131,909
,,,
1962,Tribond,1130,16978
158742,Yardmaster Express,1127,4902
227758,Kokoro: Avenue of the Kodama,1127,1664
1561,Clue Master Detective,1126,2320
129459,Duel of Ages II,1126,1148
144415,Nauticus,1126,1535
230251,Mint Delivery,1126,2773
155173,Subdivision,1125,2322
,,,
198830,"Heroes of Land, Air & Sea",1124,908
1459,Sharp Shooters,1123,2554
22245,Times Square,1123,2796
,,,
,,,
158572,Waggle Dance,1123,1501
,,,
,,,
,,,
24396,War on Terror,1120,3893
,,,
936,The Fury of Dracula,1119,1717
1491,Outpost,1119,1766
,,,
,,,
5130,Afrikan tähti,1118,17124
,,,
223215,Flip Ships,1118,1378
2818,UNO Attack!,1117,16848
25584,If Wishes Were Fishes!,1117,2345
542,Democrazy,1115,14656
56707,Colonia,1115,2165
392,Brawl,1114,2765
,,,
670,Starship Troopers,1113,2563
,,,
98242,Star Trek Deck Building Game: The Next Generation,1110,2590
1157,Save Doctor Lucky,1108,5553
11825,Empire of the Sun,1108,780
169318,City of Spies: Estoril 1942,1108,1450
250442,Crypt,1108,1733
3886,Nine Men's Morris,1107,16793
,,,
163920,Gaïa,1107,2901
296,Medieval Merchant,1106,1868
34320,Shanghaien,1106,2219
76247,Eaten by Zombies!,1106,4745
133528,City of Remnants,1105,1792
218509,Empires of the Void II,1105,1008
227072,The Chameleon,1105,2012
137,Pass the Bomb,1103,5017
,,,
59753,Priests of Ra,1103,1760
128721,Crisis,1103,948
,,,
251420,Choose Your Own Adventure: House of Danger,1103,2115
,,,
35572,Strozzi,1101,1909
118610,Santa Cruz,1101,1980
26457,Successors (third edition),1100,1043
205045,Avenue,1099,1614
205317,DOOM: The Board Game,1098,1179
25685,Blackbeard,1097,3540
36739,Black Sheep,1097,4240
171835,Posthuman,1096,2356
620,We the People,1095,1236
,,,
65200,Asteroyds,1095,2669
128063,Uchronia,1095,2330
2456,The Hobbit: The Defeat of Smaug,1094,17100
75547,Shipwrights of the North Sea,1093,2509
102148,NOIR: Deductive Mystery Game,1093,2184
8481,Crusader Rex,1089,1415
129293,Gauntlet of Fools,1087,4128
58798,Cardcassonne,1086,2956
8195,Viva Topo!,1085,1789
,,,
1376,Serengeti,1084,3218
3353,World War II: Barbarossa to Berlin,1084,1354
130899,12 Days,1084,2318
,,,
31552,Wings of War: Deluxe Set,1083,1304
171662,Neanderthal,1083,1152
13362,"Warhammer 40,000 (fourth edition)",1081,2707
,,,
119632,IOTA,1080,3164
194232,Rick and Morty: Total Rickall Card Game,1080,3167
230383,Memoarrr!,1080,1608
230267,Dice Settlers,1079,1597
17557,Super Farmer,1078,10857
35248,Batavia,1077,2687
,,,
2535,Valley of the Mammoths,1076,2754
8490,Age of Napoleon,1076,1879
,,,
,,,
71676,Back to the Future: The Card Game,1074,5810
58602,Cable Car,1073,2023
22398,10 Days in Asia,1072,2047
39813,Qwirkle Cubes,1071,2221
13286,Gloria Mundi,1070,3631
,,,
17970,Axis & Allies Miniatures,1069,2762
129904,Shadows over Camelot: The Card Game,1069,6128
427,Grass,1068,5023
2081,The Civil War,1068,1037
101,Detroit-Cleveland Grand Prix,1067,1865
,,,
3343,Go For Broke,1067,17118
192638,Multiuniversum,1065,2062
224821,One Deck Dungeon: Forest of Shadows,1065,1279
980,Al Cabohne,1063,4187
4553,Attribute,1063,2711
76417,Poseidon,1063,1505
,,,
19996,Nacht der Magier,1061,2086
170587,Don't Mess with Cthulhu,1061,1699
,,,
41003,Keltis: Der Weg der Steine Mitbringspiel,1059,2496
,,,
,,,
1194,Speed Circuit,1055,1822
166857,Antike II,1055,1087
15126,Advanced Squad Leader: Starter Kit #2,1054,852
88827,Battle Cry: 150th Civil War Anniversary Edition,1054,1056
119407,Dixit Jinx,1054,5794
206504,The Blood of an Englishman,1054,1974
2533,Kupferkessel Co.,1053,1683
798,Ace of Aces: Handy Rotary Series,1052,1696
941,Turbo Taxi,1052,3784
7098,Monopoly: Deluxe Edition,1051,17003
6738,Quicksand,1050,3586
230305,Unlock! The Tonipal's Treasure,1050,1411
163154,Falling Sky: The Gallic Revolt Against Caesar,1049,797
165872,Liberty or Death: The American Insurrection,1048,859
223779,Pocket Mars,1048,2328
136594,Dragon's Hoard,1047,2570
,,,
,,,
258244,Discover: Lands Unknown,1046,4153
223,Expedition,1045,1801
29903,Chang Cheng,1045,3360
3234,Dschunke,1044,2102
,,,
173156,Timeline Challenge,1044,1528
25491,Alhambra: The Dice Game,1043,3247
,,,
,,,
,,,
,,,
,,,
,,,
125046,Fantastiqa: The Rucksack Edition,1041,1615
1860,Dragon Dice,1040,7611
90870,Pelican Cove,1040,1920
128931,Noblemen,1040,1663
154443,Madame Ching,1039,2413
71655,Wok Star,1038,1945
28396,It's Alive!,1037,2940
149809,Escape: Zombie City,1037,1797
248158,Thanos Rising: Avengers Infinity War,1037,1529
,,,
37165,"Warhammer 40,000 (fifth edition)",1035,2104
,,,
7929,Dungeons & Dragons Miniatures,1033,2595
,,,
,,,
,,,
249259,War Chest,1032,837
26859,Kragmortha,1031,6394
1933,Key to the Kingdom,1030,16854
166571,Tramways,1030,1086
172547,Queen's Architect,1030,1723
633,Elixir,1029,14903
25574,Gin Rummy,1029,3362
31503,Slide 5,1029,2375
22948,Munchkin Impossible,1028,4938
,,,
192945,Coal Baron: The Great Card Game,1028,1394
206940,Carcassonne: Amazonas,1028,1444
,,,
,,,
6955,Reiner Knizia's Decathlon,1026,3121
75212,Grand Cru,1025,1804
3632,Too Many Cooks,1024,2821
45748,Carcassonne: Wheel of Fortune,1024,1621
145308,Marrying Mr. Darcy,1024,2941
,,,
30932,Lascaux,1021,2789
93724,Black Gold,1021,1812
626,War and Peace,1020,2292
220775,Codenames: Disney Family Edition,1020,1900
,,,
17104,Canasta,1017,2918
63740,Hotel Samoa,1017,3001
,,,
159406,Portal: The Uncooperative Cake Acquisition Game,1017,3137
7708,Hisss,1015,9772
103660,VivaJava: The Coffee Game,1015,1741
,,,
193840,The Dragon & Flagon,1014,2513
1381,Pokémon Master Trainer,1013,14131
1426,Lord of the Rings: The Search,1013,17048
75091,Norenberc,1012,1852
3510,Battle of the Sexes,1010,17155
,,,
4741,Warmachine,1007,1487
37231,Comuni,1007,2100
113873,"The Hunters: German U-Boats at War, 1939-43",1007,1066
202732,Raise Your Goblets,1007,3730
156548,Super Dungeon Explore: Forgotten King,1006,1777
,,,
5795,Richelieu,1004,2214
99120,The Walking Dead: The Board Game,1004,7652
147,Crude: The Oil Game,1003,2001
42244,Martinique,1003,3060
180771,Teenage Mutant Ninja Turtles: Shadows of the Past,1003,1249
184346,Go Nuts for Donuts,1003,2377
,,,
144388,Elevenses,1002,3112
184491,Spaceteam,1002,2224
247,Gloria Picktoria,1001,2723
62853,JAB: Realtime Boxing,1001,3076
174476,10' to Kill,1001,2856
57660,Time's Up! Edición Azul,1000,1339
,,,
269210,Twice As Clever,1000,979
368,Relationship Tightrope,999,3297
18333,Nature Fluxx,999,5762
,,,
,,,
,,,
,,,
171129,Spinderella,998,2537
185196,Rising 5: Runes of Asteros,997,1992
29198,Inn-Fighting,996,4953
4154,Yu-Gi-Oh! Trading Card Game,995,6175
,,,
100679,Ultimate Warriorz,995,1973
,,,
202977,Cytosis: A Cell Biology Board Game,994,1604
234396,Muse,994,1860
511,Silverton,993,1556
,,,
145588,Citrus,993,1562
1302,Cosmic Wimpout,991,4872
5767,Mammoth Hunters,991,3512
6546,Labyrinth,991,17119
23985,Midgard,991,2288
123955,Thunderbolt Apache Leader,991,804
3870,7 Ages,990,1655
23679,Warriors of God,990,1194
27389,Smart Ass,990,16830
,,,
20750,Black Stories 2,989,3306
,,,
110524,"Goblins, Inc.",989,2593
116858,Noah,989,2532
175549,Salem 1692,989,1800
143075,Luchador! Mexican Wrestling Dice,988,2645
95,Igel Ärgern,987,2695
631,Daytona 500,987,1531
,,,
75789,Mai-Star,986,2401
83667,First Train to Nuremberg,986,1543
161226,The Builders: Antiquity,986,1907
97357,Sunrise City,985,2196
150926,Roll Through the Ages: The Iron Age,985,2191
,,,
,,,
,,,
173275,Ghostbusters: The Board Game,984,3041
16497,Rat Hot,983,2932
112092,Shadowrift,982,1527
191597,Dale of Merchants 2,982,1353
215312,Stop Thief!,982,1680
34969,Ubongo: Duel,980,1774
241831,Reykholt,980,1922
1621,Mutant Chronicles: Siege of the Citadel,978,1875
,,,
244049,Forum Trajanum,978,1234
192,Nicht die Bohne!,977,2784
,,,
,,,
,,,
,,,
9851,Shut the Box,975,17072
,,,
3852,Star Trek: Customizable Card Game (first edition),974,4655
27172,Ponte del Diavolo,974,2437
27532,Vineta,974,3328
255507,Orbis,974,2022
,,,
,,,
153737,Ships,972,1784
229892,Container: 10th Anniversary Jumbo Edition!,972,890
286,Machiavelli,971,1709
2932,Hnefatafl,971,2591
54361,Heroscape Master Set:  Battle for the Underdark,971,1253
155693,Game of Thrones: Westeros Intrigue,971,16885
7719,Arena Maximus,970,4971
42743,Opera,970,2344
